{
  "id": "content-package",
  "title": "Content Package",
  "version": "1.0.0",
  "compatibility": {
    "minimum": "11",
    "verified": "11"
  },
  "description": "My package",
  "authors": [
    {
      "name": "gLozeen"
    }
  ],
  "packs": [
    {
      "name": "scenes",
      "label": "Scenes",
      "path": "packs/scenes",
      "type": "Scene",
      "system": "dnd5e",
      "ownership": {
        "PLAYER": "OBSERVER",
        "ASSISTANT": "OWNER"
      }
    }
  ],
  "download":"https://github.com/Dwarfist/My-Content-Package/blob/main/module.zip",
  "relationships": {
    "requires": [
      {
        "id": "public-brazenthrone-module",
        "type": "module"
      }
    ]
  }
}